{"mean": [0.18182429378531076, 0.17851186440677966, 0.1981870056497175, 0.19808700564971746, 0.2402350282485876, 0.3125028248587571, 0.3383576271186441, 0.3492361581920904, 0.281009604519774, 0.23058474576271185, 0.3533423728813559, 0.27917516588132996, -0.2782560339818375, 0.2201504105701569, -0.0024094801392129596, 1.2328550165008443, 0.7744793068657667, 0.050424858757062145], "scale": [0.045163180940195675, 0.0301316888473775, 0.02709020296497581, 0.03315865986137299, 0.03030565411481636, 0.03645094130421978, 0.0434826176195431, 0.08337586288485525, 0.05336834975161615, 0.05640915544621903, 0.049331078674431934, 0.0982890077748656, 0.07429349914533195, 0.08201558531218296, 0.03194052819213936, 0.10939207033256937, 0.09138977787105004, 0.02323666139723293]}